{"total_pnl": -6.589226807955129, "total_return": -0.06589226807955129, "total_trades": 9, "win_rate": 22.22222222222222, "sr_annual": -0.010755515076142029, "mdd": -0.856412324130387}