{"total_pnl": -239.46995355776016, "total_return": -2.3946995355776015, "total_trades": 401, "win_rate": 18.952618453865338, "sr_annual": -0.0003848892523367072, "mdd": -8.366896312856207}